"ApplicationCode","AccountOwner","AccountName","AccountType","EntitlementName","SecondEntitlementName","ThirdEntitlementName","AccountStatus","IsPrivileged","AccountDescription","CreateDate","LastLogin","LastUpdatedDate","AdditionalAttribute","Country"
"MOC","2","3","4","5","6","7","8","9","10","20240714000000","20240714215721","20240714000000","14","TH"
"MOC","16","17","18","19","20","21","22","23","24","20240714000000","20240714215721","20240714000000","28","TH"
"MOC","2","3","4","5","6","7","8","9","10","20240717000000","20240717111637","20240717000000","14","TH"
"MOC","16","17","18","19","20","21","22","23","24","20240717000000","20240717111637","20240717000000","28","TH"
"TotalCount","4"