"ApplicationCode","AccountOwner","AccountName","AccountType","EntitlementName","SecondEntitlementName","ThirdEntitlementName","AccountStatus","IsPrivileged","AccountDescription","CreateDate","LastLogin","LastUpdatedDate","AdditionalAttribute","Country"
"MOCK1","2","3","4","5","6","7","8","9","10","20240709000000","20240709154342","20240709000000","14","TH"
"MOCK2","16","17","18","19","20","21","22","23","24","20240709000000","20240709154342","20240709000000","28","TH"
"MOCK1","2","3","4","5","6","7","8","9","10","20240711000000","20240711232314","20240711000000","14","TH"
"CUM","2","3","4","5","6","7","8","9","10","20240713000000","20240713224127","20240713000000","14","TH"
"CUM","16","17","18","19","20","21","22","23","24","20240713000000","20240713224127","20240713000000","28","TH"
"TotalCount","5"