"ApplicationCode","AccountOwner","AccountName","AccountType","EntitlementName","SecondEntitlementName","ThirdEntitlementName","AccountStatus","IsPrivileged","AccountDescription","CreateDate","LastLogin","LastUpdatedDate","AdditionalAttribute","Country"
"IIC","2","3","4","5","6","7","8","9","10","20240713000000","20240713224925","20240713000000","14","TH"
"IIC","16","17","18","19","20","21","22","23","24","20240713000000","20240713224925","20240713000000","28","TH"
"IIC","2","3","4","5","6","7","8","9","10","20240714000000","20240714215546","20240714000000","14","TH"
"IIC","16","17","18","19","20","21","22","23","24","20240714000000","20240714215546","20240714000000","28","TH"
"TotalCount","4"