"ApplicationCode","AccountOwner","AccountName","AccountType","EntitlementName","SecondEntitlementName","ThirdEntitlementName","AccountStatus","IsPrivileged","AccountDescription","CreateDate","LastLogin","LastUpdatedDate","AdditionalAttribute","Country"
"MOC","2","3","4","5","6","7","8","9","10","20240714000000","20240714215721","20240714000000","14","TH"
"MOC","16","17","18","19","20","21","22","23","24","20240714000000","20240714215721","20240714000000","28","TH"
"MOC","2","3","4","5","6","7","8","9","10","20240717000000","20240717215550","20240717000000","14","TH"
"MOC","16","17","18","19","20","21","22","23","24","20240717000000","20240717215550","20240717000000","28","TH"
"MOC","2","3","4","5","6","7","8","9","10","20240718000000","20240718223056","20240718000000","14","TH"
"MOC","16","17","18","19","20","21","22","23","24","20240718000000","20240718223056","20240718000000","28","TH"
"MOC","2","3","4","5","6","7","8","9","10","20240719000000","20240719002547","20240719000000","14","TH"
"MOC","16","17","18","19","20","21","22","23","24","20240719000000","20240719002547","20240719000000","28","TH"
"MOC","2","3","4","5","6","7","8","9","10","20240721000000","20240721104632","20240721000000","14","TH"
"MOC","16","17","18","19","20","21","22","23","24","20240721000000","20240721104632","20240721000000","28","TH"
"MOC","2","3","4","5","6","7","8","9","10","20240722000000","20240722130634","20240722000000","14","TH"
"MOC","16","17","18","19","20","21","22","23","24","20240722000000","20240722130634","20240722000000","28","TH"
"MOC","2","3","4","5","6","7","8","9","10","20240723000000","20240723092855","20240723000000","14","TH"
"MOC","16","17","18","19","20","21","22","23","24","20240723000000","20240723092855","20240723000000","28","TH"
"MOC","2","3","4","5","6","7","8","9","10","20240730000000","20240730132703","20240730000000","14","TH"
"MOC","16","17","18","19","20","21","22","23","24","20240730000000","20240730132703","20240730000000","28","TH"
"MOC","2","3","4","5","6","7","8","9","10","20240801000000","20240801113503","20240801000000","14","TH"
"MOC","16","17","18","19","20","21","22","23","24","20240801000000","20240801113503","20240801000000","28","TH"
"TotalCount","18"